{
  "n_total": 10000,
  "n_train": 7000,
  "n_test": 2000,
  "n_eig_flat": 15,
  "flat_mae_by_property": {
    "gap": 695.4026232779037,
    "homo": 324.36092041540036,
    "lumo": 573.204586931584,
    "U0": 165862.2598345956,
    "mu": 0.9210968011265853,
    "alpha": 1.773142540796095,
    "Cv": 0.7589985124915236
  },
  "irrep_mae_by_neig": {
    "7": {
      "gap": 737.579901678939,
      "homo": 341.27275158280105,
      "lumo": 632.1500306975398,
      "U0": 295719.3319275345,
      "mu": 0.9563646213023865,
      "alpha": 2.3143752797997275,
      "Cv": 0.9092728159650173
    },
    "8": {
      "gap": 725.2992402035683,
      "homo": 334.26378409825526,
      "lumo": 614.6169521895149,
      "U0": 275445.91302877077,
      "mu": 0.9559556645009593,
      "alpha": 2.1229498430268094,
      "Cv": 0.8762015787388202
    },
    "10": {
      "gap": 719.3069595430401,
      "homo": 331.6242127045628,
      "lumo": 601.9083995478621,
      "U0": 237204.9865834635,
      "mu": 0.9542260854059561,
      "alpha": 2.068629251939342,
      "Cv": 0.8329735492325394
    },
    "12": {
      "gap": 717.9820392567226,
      "homo": 325.74345439916,
      "lumo": 595.2808356876195,
      "U0": 200602.43388135484,
      "mu": 0.9513225635266436,
      "alpha": 1.9589653335581712,
      "Cv": 0.7897032551431549
    },
    "15": {
      "gap": 691.1733230068664,
      "homo": 318.33668404473013,
      "lumo": 572.2021079086293,
      "U0": 151119.40694679596,
      "mu": 0.929796466425091,
      "alpha": 1.7434917686572708,
      "Cv": 0.7469404749712378
    }
  }
}